<?xml version="1.0" encoding="UTF-8"?><rss version="2.0"
	xmlns:content="http://purl.org/rss/1.0/modules/content/"
	xmlns:wfw="http://wellformedweb.org/CommentAPI/"
	xmlns:dc="http://purl.org/dc/elements/1.1/"
	xmlns:atom="http://www.w3.org/2005/Atom"
	xmlns:sy="http://purl.org/rss/1.0/modules/syndication/"
	xmlns:slash="http://purl.org/rss/1.0/modules/slash/"
	>

<channel>
	<title>Intelligenza artificiale &#8211; pomeriggio2</title>
	<atom:link href="http://localhost/pomeriggio2/category/intelligenza-artificiale/feed/?simply_static_page=33" rel="self" type="application/rss+xml" />
	<link></link>
	<description>Un nuovo sito targato WordPress</description>
	<lastBuildDate>Wed, 01 Mar 2023 15:56:00 +0000</lastBuildDate>
	<language>it-IT</language>
	<sy:updatePeriod>
	hourly	</sy:updatePeriod>
	<sy:updateFrequency>
	1	</sy:updateFrequency>
	<generator>https://wordpress.org/?v=6.1.1</generator>
	<item>
		<title>UN NUOVO MODO DI VIVERE CON L&#8217;IA</title>
		<link>/2023/03/01/un-nuovo-modo-di-vivere-con-lia/</link>
					<comments>/2023/03/01/un-nuovo-modo-di-vivere-con-lia/#respond</comments>
		
		<dc:creator><![CDATA[Pier]]></dc:creator>
		<pubDate>Wed, 01 Mar 2023 15:10:11 +0000</pubDate>
				<category><![CDATA[Intelligenza artificiale]]></category>
		<guid isPermaLink="false">/?p=45</guid>

					<description><![CDATA[]]></description>
										<content:encoded><![CDATA[]]></content:encoded>
					
					<wfw:commentRss>/2023/03/01/un-nuovo-modo-di-vivere-con-lia/feed/</wfw:commentRss>
			<slash:comments>0</slash:comments>
		
		
			</item>
		<item>
		<title>INTELLIGENZA ARTIFICIALE&#8230;.</title>
		<link>/2023/03/01/intelligenza-artificiale/</link>
					<comments>/2023/03/01/intelligenza-artificiale/#respond</comments>
		
		<dc:creator><![CDATA[Pier]]></dc:creator>
		<pubDate>Wed, 01 Mar 2023 15:09:30 +0000</pubDate>
				<category><![CDATA[Intelligenza artificiale]]></category>
		<guid isPermaLink="false">/?p=34</guid>

					<description><![CDATA[Ciao a tutti! Oggi parleremo di una delle tecnologie più discusse degli ultimi anni: l&#8217;intelligenza artificiale (IA). L&#8217;IA sta cambiando il modo in cui viviamo e lavoriamo, e continuerà a farlo nei prossimi anni. In questo articolo, esploreremo come funziona l&#8217;IA, come viene utilizzata oggi e come potrebbe essere utilizzata in futuro. In poche parole, &#8230;<p class="read-more"> <a class="" href="/2023/03/01/intelligenza-artificiale/"> <span class="screen-reader-text">INTELLIGENZA ARTIFICIALE&#8230;.</span> Leggi altro &#187;</a></p>]]></description>
										<content:encoded><![CDATA[
<div class="wp-block-cover alignfull is-light has-parallax"><span aria-hidden="true" class="wp-block-cover__background has-background-dim-10 has-background-dim"></span><div role="img" class="wp-block-cover__image-background wp-image-38 has-parallax" style="background-position:50% 50%;background-image:url(/wp-content/uploads/2023/03/pexels-tara-winstead-8386434-scaled.jpg)"></div><div class="wp-block-cover__inner-container">
<p></p>
</div></div>



<div class="is-layout-flex wp-container-3 wp-block-columns">
<div class="is-layout-flow wp-block-column">
<figure class="wp-block-image size-full"><img decoding="async" width="738" height="415" src="/wp-content/uploads/2023/03/2-2.webp" alt="" class="wp-image-40" srcset="/wp-content/uploads/2023/03/2-2.webp 738w, /wp-content/uploads/2023/03/2-2-300x169.webp 300w" sizes="(max-width: 738px) 100vw, 738px" /></figure>
</div>



<div class="is-layout-flow wp-block-column">
<p>Ciao a tutti! Oggi parleremo di una delle tecnologie più discusse degli ultimi anni: l&#8217;intelligenza artificiale (IA). L&#8217;IA sta cambiando il modo in cui viviamo e lavoriamo, e continuerà a farlo nei prossimi anni. In questo articolo, esploreremo come funziona l&#8217;IA, come viene utilizzata oggi e come potrebbe essere utilizzata in futuro.</p>



<p>In poche parole, l&#8217;intelligenza artificiale è la capacità di una macchina di imparare e adattarsi ai dati che riceve. Questo è possibile grazie all&#8217;utilizzo di algoritmi di apprendimento automatico e reti neurali. Con l&#8217;IA, le macchine possono analizzare grandi quantità di dati, identificare schemi e tendenze e fare previsioni basate su queste informazioni.</p>
</div>
</div>



<div class="is-layout-flex wp-container-6 wp-block-columns">
<div class="is-layout-flow wp-block-column">
<p>L&#8217;IA viene utilizzata in molti modi diversi. Ad esempio, i motori di ricerca utilizzano l&#8217;IA per analizzare le query degli utenti e fornire risultati pertinenti. Inoltre, le tecnologie di assistenza virtuale come Siri e Alexa utilizzano l&#8217;IA per comprendere il linguaggio naturale degli utenti e rispondere alle loro richieste.</p>



<p>Ma l&#8217;IA ha anche un grande impatto sui settori dell&#8217;industria e della medicina. Ad esempio, l&#8217;IA può essere utilizzata per ottimizzare i processi di produzione, identificare difetti nei prodotti e prevenire guasti. Inoltre, l&#8217;IA può essere utilizzata in medicina per aiutare i medici nella diagnosi e nel trattamento delle malattie.</p>



<p>Tuttavia, l&#8217;IA solleva anche preoccupazioni sul suo impatto sulla società. Alcune persone temono che l&#8217;IA possa sostituire i lavoratori umani, aumentando la disoccupazione. Inoltre, ci sono preoccupazioni sulla privacy e sulla sicurezza dei dati, poiché l&#8217;IA richiede grandi quantità di dati per funzionare correttamente.</p>
</div>



<div class="is-layout-flow wp-block-column">
<figure class="wp-block-image size-full"><img decoding="async" width="959" height="530" src="/wp-content/uploads/2023/03/1-2.jpeg" alt="" class="wp-image-42" srcset="/wp-content/uploads/2023/03/1-2.jpeg 959w, /wp-content/uploads/2023/03/1-2-300x166.jpeg 300w, /wp-content/uploads/2023/03/1-2-768x424.jpeg 768w" sizes="(max-width: 959px) 100vw, 959px" /></figure>
</div>
</div>



<div class="is-layout-flex wp-container-9 wp-block-columns">
<div class="is-layout-flow wp-block-column">
<figure class="wp-block-image size-full"><img decoding="async" width="959" height="671" src="/wp-content/uploads/2023/03/3-1.jpeg" alt="" class="wp-image-43" srcset="/wp-content/uploads/2023/03/3-1.jpeg 959w, /wp-content/uploads/2023/03/3-1-300x210.jpeg 300w, /wp-content/uploads/2023/03/3-1-768x537.jpeg 768w" sizes="(max-width: 959px) 100vw, 959px" /></figure>
</div>



<div class="is-layout-flow wp-block-column">
<p>Ma nonostante le preoccupazioni, l&#8217;IA ha il potenziale per risolvere molti dei problemi che affliggono la società. Ad esempio, l&#8217;IA potrebbe essere utilizzata per migliorare la sicurezza pubblica, prevenire le malattie e persino ridurre la povertà.</p>



<p>In sintesi, l&#8217;intelligenza artificiale è una tecnologia in rapida evoluzione che sta cambiando il mondo intorno a noi. L&#8217;IA sta già trasformando il modo in cui viviamo e lavoriamo, e continuerà a farlo nei prossimi anni. Mentre ci sono preoccupazioni sul suo impatto sulla società, l&#8217;IA ha anche il potenziale per risolvere molti dei problemi che affliggono la nostra società. Quindi, sebbene sia ancora agli inizi, l&#8217;IA è certamente una tecnologia da tenere d&#8217;occhio.</p>
</div>
</div>
]]></content:encoded>
					
					<wfw:commentRss>/2023/03/01/intelligenza-artificiale/feed/</wfw:commentRss>
			<slash:comments>0</slash:comments>
		
		
			</item>
	</channel>
</rss>
