<?xml version="1.0" encoding="UTF-8"?><rss version="2.0"
	xmlns:content="http://purl.org/rss/1.0/modules/content/"
	xmlns:wfw="http://wellformedweb.org/CommentAPI/"
	xmlns:dc="http://purl.org/dc/elements/1.1/"
	xmlns:atom="http://www.w3.org/2005/Atom"
	xmlns:sy="http://purl.org/rss/1.0/modules/syndication/"
	xmlns:slash="http://purl.org/rss/1.0/modules/slash/"
	>

<channel>
	<title>pomeriggio2</title>
	<atom:link href="http://localhost/pomeriggio2/feed/?simply_static_page=10" rel="self" type="application/rss+xml" />
	<link></link>
	<description>Un nuovo sito targato WordPress</description>
	<lastBuildDate>Wed, 01 Mar 2023 15:56:00 +0000</lastBuildDate>
	<language>it-IT</language>
	<sy:updatePeriod>
	hourly	</sy:updatePeriod>
	<sy:updateFrequency>
	1	</sy:updateFrequency>
	<generator>https://wordpress.org/?v=6.1.1</generator>
	<item>
		<title>UN NUOVO MODO DI VIVERE CON L&#8217;IA</title>
		<link>/2023/03/01/un-nuovo-modo-di-vivere-con-lia/</link>
					<comments>/2023/03/01/un-nuovo-modo-di-vivere-con-lia/#respond</comments>
		
		<dc:creator><![CDATA[Pier]]></dc:creator>
		<pubDate>Wed, 01 Mar 2023 15:10:11 +0000</pubDate>
				<category><![CDATA[Intelligenza artificiale]]></category>
		<guid isPermaLink="false">/?p=45</guid>

					<description><![CDATA[]]></description>
										<content:encoded><![CDATA[]]></content:encoded>
					
					<wfw:commentRss>/2023/03/01/un-nuovo-modo-di-vivere-con-lia/feed/</wfw:commentRss>
			<slash:comments>0</slash:comments>
		
		
			</item>
		<item>
		<title>INTELLIGENZA ARTIFICIALE&#8230;.</title>
		<link>/2023/03/01/intelligenza-artificiale/</link>
					<comments>/2023/03/01/intelligenza-artificiale/#respond</comments>
		
		<dc:creator><![CDATA[Pier]]></dc:creator>
		<pubDate>Wed, 01 Mar 2023 15:09:30 +0000</pubDate>
				<category><![CDATA[Intelligenza artificiale]]></category>
		<guid isPermaLink="false">/?p=34</guid>

					<description><![CDATA[Ciao a tutti! Oggi parleremo di una delle tecnologie più discusse degli ultimi anni: l&#8217;intelligenza artificiale (IA). L&#8217;IA sta cambiando il modo in cui viviamo e lavoriamo, e continuerà a farlo nei prossimi anni. In questo articolo, esploreremo come funziona l&#8217;IA, come viene utilizzata oggi e come potrebbe essere utilizzata in futuro. In poche parole, &#8230;<p class="read-more"> <a class="" href="/2023/03/01/intelligenza-artificiale/"> <span class="screen-reader-text">INTELLIGENZA ARTIFICIALE&#8230;.</span> Leggi altro &#187;</a></p>]]></description>
										<content:encoded><![CDATA[
<div class="wp-block-cover alignfull is-light has-parallax"><span aria-hidden="true" class="wp-block-cover__background has-background-dim-10 has-background-dim"></span><div role="img" class="wp-block-cover__image-background wp-image-38 has-parallax" style="background-position:50% 50%;background-image:url(/wp-content/uploads/2023/03/pexels-tara-winstead-8386434-scaled.jpg)"></div><div class="wp-block-cover__inner-container">
<p></p>
</div></div>



<div class="is-layout-flex wp-container-3 wp-block-columns">
<div class="is-layout-flow wp-block-column">
<figure class="wp-block-image size-full"><img decoding="async" width="738" height="415" src="/wp-content/uploads/2023/03/2-2.webp" alt="" class="wp-image-40" srcset="/wp-content/uploads/2023/03/2-2.webp 738w, /wp-content/uploads/2023/03/2-2-300x169.webp 300w" sizes="(max-width: 738px) 100vw, 738px" /></figure>
</div>



<div class="is-layout-flow wp-block-column">
<p>Ciao a tutti! Oggi parleremo di una delle tecnologie più discusse degli ultimi anni: l&#8217;intelligenza artificiale (IA). L&#8217;IA sta cambiando il modo in cui viviamo e lavoriamo, e continuerà a farlo nei prossimi anni. In questo articolo, esploreremo come funziona l&#8217;IA, come viene utilizzata oggi e come potrebbe essere utilizzata in futuro.</p>



<p>In poche parole, l&#8217;intelligenza artificiale è la capacità di una macchina di imparare e adattarsi ai dati che riceve. Questo è possibile grazie all&#8217;utilizzo di algoritmi di apprendimento automatico e reti neurali. Con l&#8217;IA, le macchine possono analizzare grandi quantità di dati, identificare schemi e tendenze e fare previsioni basate su queste informazioni.</p>
</div>
</div>



<div class="is-layout-flex wp-container-6 wp-block-columns">
<div class="is-layout-flow wp-block-column">
<p>L&#8217;IA viene utilizzata in molti modi diversi. Ad esempio, i motori di ricerca utilizzano l&#8217;IA per analizzare le query degli utenti e fornire risultati pertinenti. Inoltre, le tecnologie di assistenza virtuale come Siri e Alexa utilizzano l&#8217;IA per comprendere il linguaggio naturale degli utenti e rispondere alle loro richieste.</p>



<p>Ma l&#8217;IA ha anche un grande impatto sui settori dell&#8217;industria e della medicina. Ad esempio, l&#8217;IA può essere utilizzata per ottimizzare i processi di produzione, identificare difetti nei prodotti e prevenire guasti. Inoltre, l&#8217;IA può essere utilizzata in medicina per aiutare i medici nella diagnosi e nel trattamento delle malattie.</p>



<p>Tuttavia, l&#8217;IA solleva anche preoccupazioni sul suo impatto sulla società. Alcune persone temono che l&#8217;IA possa sostituire i lavoratori umani, aumentando la disoccupazione. Inoltre, ci sono preoccupazioni sulla privacy e sulla sicurezza dei dati, poiché l&#8217;IA richiede grandi quantità di dati per funzionare correttamente.</p>
</div>



<div class="is-layout-flow wp-block-column">
<figure class="wp-block-image size-full"><img decoding="async" width="959" height="530" src="/wp-content/uploads/2023/03/1-2.jpeg" alt="" class="wp-image-42" srcset="/wp-content/uploads/2023/03/1-2.jpeg 959w, /wp-content/uploads/2023/03/1-2-300x166.jpeg 300w, /wp-content/uploads/2023/03/1-2-768x424.jpeg 768w" sizes="(max-width: 959px) 100vw, 959px" /></figure>
</div>
</div>



<div class="is-layout-flex wp-container-9 wp-block-columns">
<div class="is-layout-flow wp-block-column">
<figure class="wp-block-image size-full"><img decoding="async" width="959" height="671" src="/wp-content/uploads/2023/03/3-1.jpeg" alt="" class="wp-image-43" srcset="/wp-content/uploads/2023/03/3-1.jpeg 959w, /wp-content/uploads/2023/03/3-1-300x210.jpeg 300w, /wp-content/uploads/2023/03/3-1-768x537.jpeg 768w" sizes="(max-width: 959px) 100vw, 959px" /></figure>
</div>



<div class="is-layout-flow wp-block-column">
<p>Ma nonostante le preoccupazioni, l&#8217;IA ha il potenziale per risolvere molti dei problemi che affliggono la società. Ad esempio, l&#8217;IA potrebbe essere utilizzata per migliorare la sicurezza pubblica, prevenire le malattie e persino ridurre la povertà.</p>



<p>In sintesi, l&#8217;intelligenza artificiale è una tecnologia in rapida evoluzione che sta cambiando il mondo intorno a noi. L&#8217;IA sta già trasformando il modo in cui viviamo e lavoriamo, e continuerà a farlo nei prossimi anni. Mentre ci sono preoccupazioni sul suo impatto sulla società, l&#8217;IA ha anche il potenziale per risolvere molti dei problemi che affliggono la nostra società. Quindi, sebbene sia ancora agli inizi, l&#8217;IA è certamente una tecnologia da tenere d&#8217;occhio.</p>
</div>
</div>
]]></content:encoded>
					
					<wfw:commentRss>/2023/03/01/intelligenza-artificiale/feed/</wfw:commentRss>
			<slash:comments>0</slash:comments>
		
		
			</item>
		<item>
		<title>Realtà aumentata: come questa tecnologia sta cambiando il nostro modo di vivere e lavorare</title>
		<link>/2023/03/01/realta-aumentata-come-questa-tecnologia-sta-cambiando-il-nostro-modo-di-vivere-e-lavorare/</link>
					<comments>/2023/03/01/realta-aumentata-come-questa-tecnologia-sta-cambiando-il-nostro-modo-di-vivere-e-lavorare/#respond</comments>
		
		<dc:creator><![CDATA[Pier]]></dc:creator>
		<pubDate>Wed, 01 Mar 2023 14:58:54 +0000</pubDate>
				<category><![CDATA[Realtà aumentata]]></category>
		<guid isPermaLink="false">/?p=28</guid>

					<description><![CDATA[Ciao! Siete pronti a scoprire come la realtà aumentata (RA) può cambiare il nostro modo di vivere e lavorare? Continuate a leggere per scoprire come questa tecnologia sta influenzando il mondo intorno a noi e come potrebbe essere utilizzata in futuro. In poche parole, la realtà aumentata è una tecnologia che sovrappone immagini digitali sulla &#8230;<p class="read-more"> <a class="" href="/2023/03/01/realta-aumentata-come-questa-tecnologia-sta-cambiando-il-nostro-modo-di-vivere-e-lavorare/"> <span class="screen-reader-text">Realtà aumentata: come questa tecnologia sta cambiando il nostro modo di vivere e lavorare</span> Leggi altro &#187;</a></p>]]></description>
										<content:encoded><![CDATA[
<div class="is-layout-flex wp-container-12 wp-block-columns">
<div class="is-layout-flow wp-block-column" style="flex-basis:66.66%">
<p>Ciao! Siete pronti a scoprire come la realtà aumentata (RA) può cambiare il nostro modo di vivere e lavorare? Continuate a leggere per scoprire come questa tecnologia sta influenzando il mondo intorno a noi e come potrebbe essere utilizzata in futuro.</p>



<p>In poche parole, la realtà aumentata è una tecnologia che sovrappone immagini digitali sulla nostra visione del mondo reale. In altre parole, la RA ci permette di vedere oggetti virtuali interagire con il nostro ambiente fisico.</p>



<p>Ma come funziona la RA? Gli strumenti più comuni per accedere alla RA sono i visori AR (Augmented Reality) e le applicazioni mobili. Quando un utente utilizza questi strumenti per accedere alla RA, la fotocamera del dispositivo rileva la posizione dell&#8217;utente nello spazio e sovrappone oggetti virtuali sulla visione della fotocamera.</p>



<p></p>
</div>



<div class="is-layout-flow wp-block-column" style="flex-basis:33.33%">
<figure class="wp-block-image size-full is-resized"><img decoding="async" src="/wp-content/uploads/2023/03/realta-aumentata.webp" alt="" class="wp-image-30" width="280" height="157" srcset="/wp-content/uploads/2023/03/realta-aumentata.webp 750w, /wp-content/uploads/2023/03/realta-aumentata-300x169.webp 300w" sizes="(max-width: 280px) 100vw, 280px" /></figure>
</div>
</div>



<div class="is-layout-flex wp-container-15 wp-block-columns">
<div class="is-layout-flow wp-block-column" style="flex-basis:33.33%">
<figure class="wp-block-image size-large is-resized"><img decoding="async" src="/wp-content/uploads/2023/03/realta100b-1024x458.jpeg" alt="" class="wp-image-31" width="278" height="124" srcset="/wp-content/uploads/2023/03/realta100b-1024x458.jpeg 1024w, /wp-content/uploads/2023/03/realta100b-300x134.jpeg 300w, /wp-content/uploads/2023/03/realta100b-768x343.jpeg 768w, /wp-content/uploads/2023/03/realta100b.jpeg 1230w" sizes="(max-width: 278px) 100vw, 278px" /></figure>
</div>



<div class="is-layout-flow wp-block-column" style="flex-basis:66.66%">
<p>La RA può essere utilizzata in molti modi diversi. Ad esempio, i visori AR possono essere utilizzati per simulazioni di addestramento in ambito militare o medico. Inoltre, la RA può essere utilizzata in giochi e applicazioni mobili, dove gli utenti possono interagire con oggetti virtuali nel loro ambiente fisico.</p>



<p>Ma la RA può anche essere utilizzata per migliorare l&#8217;efficienza in molti settori, come il design di prodotto, la formazione, l&#8217;architettura e il marketing. Ad esempio, un designer può utilizzare la RA per visualizzare il prodotto in un ambiente virtuale, valutando l&#8217;ergonomia e il design in modo molto più efficiente rispetto ai modelli fisici.</p>



<p>Inoltre, la RA può essere utilizzata per creare esperienze di marketing coinvolgenti. Ad esempio, un&#8217;azienda di abbigliamento potrebbe utilizzare la RA per permettere ai clienti di provare virtualmente i loro vestiti, senza doverli indossare fisicamente.</p>



<p>In sintesi, la realtà aumentata è una tecnologia in rapida evoluzione che ha il potenziale per cambiare il nostro modo di vivere e lavorare. Sebbene la RA sia ancora agli inizi, è chiaro che questa tecnologia ha il potenziale per migliorare l&#8217;efficienza in molti settori e creare esperienze coinvolgenti per gli utenti. Quindi, non perdete di vista la RA: potrebbe essere la chiave per un futuro più innovativo e coinvolgente!</p>



<p></p>
</div>
</div>
]]></content:encoded>
					
					<wfw:commentRss>/2023/03/01/realta-aumentata-come-questa-tecnologia-sta-cambiando-il-nostro-modo-di-vivere-e-lavorare/feed/</wfw:commentRss>
			<slash:comments>0</slash:comments>
		
		
			</item>
		<item>
		<title>Nuove tecnologie: impara a padroneggiarle per migliorare la tua vita!</title>
		<link>/2023/03/01/nuove-tecnologie-impara-a-padroneggiarle-per-migliorare-la-tua-vita/</link>
					<comments>/2023/03/01/nuove-tecnologie-impara-a-padroneggiarle-per-migliorare-la-tua-vita/#respond</comments>
		
		<dc:creator><![CDATA[Pier]]></dc:creator>
		<pubDate>Wed, 01 Mar 2023 14:46:22 +0000</pubDate>
				<category><![CDATA[Realtà aumentata]]></category>
		<guid isPermaLink="false">/?p=14</guid>

					<description><![CDATA[Ciao! Sei pronto a scoprire come le nuove tecnologie possono migliorare la tua vita? Conoscere i nuovi strumenti come i visori AR o l&#8217;intelligenza artificiale ti permetterà di sfruttarli a tuo vantaggio. Non c&#8217;è dubbio che le nuove tecnologie stiano cambiando il mondo in cui viviamo, ma non devi averne paura! Con un po&#8217; di &#8230;<p class="read-more"> <a class="" href="/2023/03/01/nuove-tecnologie-impara-a-padroneggiarle-per-migliorare-la-tua-vita/"> <span class="screen-reader-text">Nuove tecnologie: impara a padroneggiarle per migliorare la tua vita!</span> Leggi altro &#187;</a></p>]]></description>
										<content:encoded><![CDATA[
<div class="wp-block-cover alignfull is-light has-parallax has-small-font-size"><span aria-hidden="true" class="wp-block-cover__background has-background-dim"></span><div role="img" class="wp-block-cover__image-background wp-image-17 has-parallax" style="background-position:50% 50%;background-image:url(/wp-content/uploads/2023/03/pexels-eren-li-7241297-1024x683.jpg)"></div><div class="wp-block-cover__inner-container"></div></div>



<div class="is-layout-flex wp-container-18 wp-block-columns">
<div class="is-layout-flow wp-block-column">
<figure class="wp-block-image size-full"><img decoding="async" width="959" height="530" src="/wp-content/uploads/2023/03/1-1.jpeg" alt="" class="wp-image-24" srcset="/wp-content/uploads/2023/03/1-1.jpeg 959w, /wp-content/uploads/2023/03/1-1-300x166.jpeg 300w, /wp-content/uploads/2023/03/1-1-768x424.jpeg 768w" sizes="(max-width: 959px) 100vw, 959px" /></figure>
</div>



<div class="is-layout-flow wp-block-column">
<p style="margin-top:var(--wp--preset--spacing--20);margin-right:var(--wp--preset--spacing--20);margin-bottom:var(--wp--preset--spacing--20);margin-left:var(--wp--preset--spacing--20);font-size:18px;line-height:1.5">Ciao! </p>



<p style="margin-top:var(--wp--preset--spacing--20);margin-right:var(--wp--preset--spacing--20);margin-bottom:var(--wp--preset--spacing--20);margin-left:var(--wp--preset--spacing--20);font-size:18px;line-height:1.5">Sei pronto a scoprire come le nuove tecnologie possono migliorare la tua vita? </p>



<p style="margin-top:var(--wp--preset--spacing--20);margin-right:var(--wp--preset--spacing--20);margin-bottom:var(--wp--preset--spacing--20);margin-left:var(--wp--preset--spacing--20);font-size:18px;line-height:1.5">Conoscere i nuovi strumenti come i visori AR o l&#8217;intelligenza artificiale ti permetterà di sfruttarli a tuo vantaggio.</p>



<p style="margin-top:var(--wp--preset--spacing--20);margin-right:var(--wp--preset--spacing--20);margin-bottom:var(--wp--preset--spacing--20);margin-left:var(--wp--preset--spacing--20);font-size:18px;line-height:1.5">Non c&#8217;è dubbio che le nuove tecnologie stiano cambiando il mondo in cui viviamo, ma non devi averne paura! </p>



<p style="margin-top:var(--wp--preset--spacing--20);margin-right:var(--wp--preset--spacing--20);margin-bottom:var(--wp--preset--spacing--20);margin-left:var(--wp--preset--spacing--20);font-size:18px;line-height:1.5">Con un po&#8217; di curiosità e di pratica, puoi padroneggiare questi nuovi strumenti e utilizzarli per migliorare la tua vita personale e professionale.</p>
</div>
</div>



<div class="is-layout-flex wp-container-21 wp-block-columns">
<div class="is-layout-flow wp-block-column">
<p style="margin-top:var(--wp--preset--spacing--20);margin-right:var(--wp--preset--spacing--20);margin-bottom:var(--wp--preset--spacing--20);margin-left:var(--wp--preset--spacing--20);font-size:18px;line-height:1.5">Ad esempio, con i visori AR puoi visualizzare oggetti virtuali sovrapposti alla realtà, aprendo nuove possibilità in ambito gaming, formazione e lavoro. </p>



<p style="margin-top:var(--wp--preset--spacing--20);margin-right:var(--wp--preset--spacing--20);margin-bottom:var(--wp--preset--spacing--20);margin-left:var(--wp--preset--spacing--20);font-size:18px;line-height:1.5">Mentre l&#8217;intelligenza artificiale può aiutarti a gestire meglio le tue attività quotidiane, automatizzando compiti ripetitivi e analizzando grandi quantità di dati in modo molto più efficiente.</p>



<p style="margin-top:var(--wp--preset--spacing--20);margin-right:var(--wp--preset--spacing--20);margin-bottom:var(--wp--preset--spacing--20);margin-left:var(--wp--preset--spacing--20);font-size:18px;line-height:1.5">Ma per sfruttare al meglio queste nuove tecnologie, devi conoscerle bene.</p>



<p style="margin-top:var(--wp--preset--spacing--20);margin-right:var(--wp--preset--spacing--20);margin-bottom:var(--wp--preset--spacing--20);margin-left:var(--wp--preset--spacing--20);font-size:18px;line-height:1.5"> Se sei ancora scettico o hai paura di non riuscire a capirle, non preoccuparti! </p>



<p style="margin-top:var(--wp--preset--spacing--20);margin-right:var(--wp--preset--spacing--20);margin-bottom:var(--wp--preset--spacing--20);margin-left:var(--wp--preset--spacing--20);font-size:18px;line-height:1.5">Ci sono molti corsi online e risorse gratuite che possono aiutarti a imparare le basi e ad acquisire le competenze necessarie per utilizzare questi strumenti.</p>
</div>



<div class="is-layout-flow wp-block-column">
<figure class="wp-block-image size-full"><img decoding="async" width="738" height="415" src="/wp-content/uploads/2023/03/2-1.webp" alt="" class="wp-image-25" srcset="/wp-content/uploads/2023/03/2-1.webp 738w, /wp-content/uploads/2023/03/2-1-300x169.webp 300w" sizes="(max-width: 738px) 100vw, 738px" /></figure>
</div>
</div>



<div class="is-layout-flex wp-container-24 wp-block-columns">
<div class="is-layout-flow wp-block-column">
<figure class="wp-block-image size-full"><img decoding="async" width="959" height="671" src="/wp-content/uploads/2023/03/3.jpeg" alt="" class="wp-image-26" srcset="/wp-content/uploads/2023/03/3.jpeg 959w, /wp-content/uploads/2023/03/3-300x210.jpeg 300w, /wp-content/uploads/2023/03/3-768x537.jpeg 768w" sizes="(max-width: 959px) 100vw, 959px" /></figure>
</div>



<div class="is-layout-flow wp-block-column">
<p style="margin-top:var(--wp--preset--spacing--20);margin-right:var(--wp--preset--spacing--20);margin-bottom:var(--wp--preset--spacing--20);margin-left:var(--wp--preset--spacing--20);font-size:18px;line-height:1.5">Inoltre, non dimenticare che queste nuove tecnologie possono anche aprire nuove opportunità di lavoro e di business.</p>



<p style="margin-top:var(--wp--preset--spacing--20);margin-right:var(--wp--preset--spacing--20);margin-bottom:var(--wp--preset--spacing--20);margin-left:var(--wp--preset--spacing--20);font-size:18px;line-height:1.5"> Imparare ad utilizzare i nuovi strumenti può quindi essere un investimento per il tuo futuro.</p>



<p style="margin-top:var(--wp--preset--spacing--20);margin-right:var(--wp--preset--spacing--20);margin-bottom:var(--wp--preset--spacing--20);margin-left:var(--wp--preset--spacing--20);font-size:18px;line-height:1.5">In sintesi, conoscere le nuove tecnologie come i visori AR e l&#8217;intelligenza artificiale è essenziale se vuoi sfruttarle a tuo vantaggio. </p>



<p style="margin-top:var(--wp--preset--spacing--20);margin-right:var(--wp--preset--spacing--20);margin-bottom:var(--wp--preset--spacing--20);margin-left:var(--wp--preset--spacing--20);font-size:18px;line-height:1.5">Non temere di imparare cose nuove e di sperimentare: potresti scoprire un mondo di possibilità che non avevi mai immaginato!</p>
</div>
</div>
]]></content:encoded>
					
					<wfw:commentRss>/2023/03/01/nuove-tecnologie-impara-a-padroneggiarle-per-migliorare-la-tua-vita/feed/</wfw:commentRss>
			<slash:comments>0</slash:comments>
		
		
			</item>
	</channel>
</rss>
