<?xml version="1.0" encoding="UTF-8"?><rss version="2.0"
	xmlns:content="http://purl.org/rss/1.0/modules/content/"
	xmlns:dc="http://purl.org/dc/elements/1.1/"
	xmlns:atom="http://www.w3.org/2005/Atom"
	xmlns:sy="http://purl.org/rss/1.0/modules/syndication/"
	
	>
<channel>
	<title>
	Commenti a: Realtà aumentata: come questa tecnologia sta cambiando il nostro modo di vivere e lavorare	</title>
	<atom:link href="http://localhost/pomeriggio2/2023/03/01/realta-aumentata-come-questa-tecnologia-sta-cambiando-il-nostro-modo-di-vivere-e-lavorare/feed/?simply_static_page=54" rel="self" type="application/rss+xml" />
	<link>/2023/03/01/realta-aumentata-come-questa-tecnologia-sta-cambiando-il-nostro-modo-di-vivere-e-lavorare/</link>
	<description>Un nuovo sito targato WordPress</description>
	<lastBuildDate>Wed, 01 Mar 2023 14:58:54 +0000</lastBuildDate>
	<sy:updatePeriod>
	hourly	</sy:updatePeriod>
	<sy:updateFrequency>
	1	</sy:updateFrequency>
	<generator>https://wordpress.org/?v=6.1.1</generator>
</channel>
</rss>
